Token,Type,2-corn/corn_2,2-corn/corn_1,2-corn/corn_4,0-cube/cube_2,4-cube/cube_4,0-cube/cube_1,4-cube/cube_2,0-cube/cube_4,3-banana/banana_4,3-corn/corn_4,3-corn/corn_2,3-corn/corn_1,1-corn/corn_1,0-corn/corn_1,0-corn/corn_2,0-corn/corn_4,3-cube/cube_4,3-cube/cube_1,3-cube/cube_2,2-cucumber/cucumber_2,2-cucumber/cucumber_3,0-banana/banana_4,0-banana/banana_2,0-banana/banana_3,2-cucumber/cucumber_4,1-banana/banana_3,1-banana/banana_2,1-banana/banana_4,5-corn/corn_2,1-corn/corn_4,0-cucumber/cucumber_2,0-cucumber/cucumber_3,0-cucumber/cucumber_4,1-corn/corn_2,3-cucumber/cucumber_4,3-cucumber/cucumber_3,3-cucumber/cucumber_2,4-cucumber/cucumber_4,5-cucumber/cucumber_3,2-banana/banana_4,4-cucumber/cucumber_3,4-corn/corn_4,4-corn/corn_2,2-cube/cube_4,1-cube/cube_2,1-cube/cube_1,2-cube/cube_1,2-cube/cube_2,1-cube/cube_4,1-cucumber/cucumber_4,1-cucumber/cucumber_3,1-cucumber/cucumber_2
,,nan,nan,nan,nan,nan,nan,nan,nan,nan,nan,nan,nan,nan,nan,nan,nan,nan,nan,nan,nan,nan,nan,nan,nan,nan,nan,nan,nan,nan,nan,nan,nan,nan,nan,nan,nan,nan,nan,nan,nan,nan,nan,nan,nan,nan,nan,nan,nan,nan,nan,nan,nan
an,rgb,0.9999337566976607,0.9977764788014467,0.9998082519528461,0.9847593802857201,4.0734055984620075e-07,7.936724577731553e-10,0.9919657829331048,8.847910148527711e-06,0.0063349168028825455,0.9997754766398471,0.9999147890362565,0.9973564362262695,0.9974630878584518,0.9977653316761258,0.9999498423377557,0.9998725354863394,6.020769720277333e-07,1.0037062262580467e-09,0.9580726807461786,0.8405292102351978,0.6727901445181677,1.5640690284543084e-05,0.0015133451021135272,0.0012324090581250365,0.9279130378387808,3.059117409208102e-05,0.00036609004785945263,0.0008770763719396085,0.9998741070826297,0.9998401694394603,0.8762212456078428,0.7840529832634301,0.8898804520228726,0.999918282787465,0.9299610799668262,0.6207606113823783,0.5145146956837088,0.9511049103875369,0.6562610240230012,7.710035602187149e-08,0.6433656246231317,0.9998023701722041,0.9998582390367712,9.137150041950786e-07,0.989623915965681,7.924325743508563e-10,7.834679303242514e-10,0.9852600429188384,8.190792293847896e-06,0.9245565400381139,0.42056749755838846,0.746794548891668
an,shape,0.9999190985728986,0.9997461306622043,0.9999688409721247,3.962410350056544e-06,9.378726787951718e-05,4.441191294671927e-06,0.08247628723454295,3.4985333425913303e-06,0.9999105600383498,0.9999920736115889,0.999989900188231,0.013733839362542816,0.9999433003950112,0.999771557823404,0.999939293230817,0.9999397418880882,0.00010331888631056676,0.00019980461812597146,0.00047250300720685673,0.045716008125277166,0.9996128456088024,0.9605805396054728,0.011495377392035176,0.0002021411053494506,0.514073283810588,0.00013734784137737168,0.17277788588072857,0.9606901008937107,0.999992087747629,0.9999953889184764,0.9998376214492511,0.999408485752393,0.9968073564164853,0.999939293230817,0.9999356971144132,0.9946387581847382,0.002997485792132739,0.1590414204127527,0.0007289890764373118,0.009091067541308248,0.9992871609767225,0.9999625898192765,0.9996652446310069,6.107121646908793e-05,5.182739716962077e-06,1.3482833115582615e-05,0.00028301979053943526,0.0002972120972701005,8.40613108481198e-05,0.9999391957400523,0.9798877665546926,0.886278851516575
an,object,0.9999536502133655,0.9998904430686594,0.9999484829349854,0.9645776702485565,1.4876971888235372e-05,0.0003807510558433437,0.999175532209837,9.713771408292063e-06,0.9973929668438286,0.9999933593046941,0.9999953689250242,0.9794411902130699,0.9999638692235266,0.9999096650808688,0.9999795116150739,0.9999736764961257,2.267925885674349e-05,0.001891402107537354,0.9919347142415547,0.8916744425638516,0.9998298291727827,0.5907216862669467,0.004685630641745024,0.0001611126716032819,0.9511634788706971,0.00011037941482274544,0.012362061707298262,0.8741103726672158,0.9999950287416717,0.9999839353394832,0.9999634936337103,0.9996570484807998,0.9998260087926463,0.9999767670103362,0.9999816823540217,0.9996323237119676,0.9626978700505076,0.8964191150362935,0.7054065756380552,0.0020380318027370444,0.9994038123422809,0.9999547823929675,0.999707552242735,1.7981189837549278e-05,0.9681615153810609,0.000616881850565148,0.0028076864932196004,0.9950002306641832,6.319140308195867e-05,0.9999472670203194,0.9989326745486259,0.9622984526875265
banana,rgb,8.03402930701813e-05,0.006144720981232202,0.00034485651626475625,1.4435368867293913e-09,1.0,0.9999999998952196,7.719379496406916e-09,1.0,0.9976593916965432,0.0004094900209039697,0.00010536435246592757,0.007351822472594177,0.006352808566275907,0.005544896731015244,5.9358676049177424e-05,0.0002202097319371803,1.0,0.9999999998961036,2.7857015586814772e-08,0.0002556125700473737,0.0003965742482293827,0.9999198609240908,0.9999601698666876,0.999967428227032,0.00016894852620354247,0.9999993070754812,0.9999907292013134,0.9985098483266573,0.0001780000070395186,0.000282563025270964,0.0001289283602364331,0.00023020023327934667,0.00018676804365982358,9.086988160281847e-05,0.00016654246081647582,0.0006270030732972264,0.0011196524289783893,0.00019496745026997784,0.0010144181055134756,0.9999998881704079,0.0006698107250991172,0.0003967702211587396,0.00018296167273396322,1.0,1.6452004500619227e-09,0.9999999999051321,0.9999999999065239,2.902508272468016e-09,1.0,0.00015461881026687828,0.0008966677249930004,0.0003740605462732863
banana,shape,0.00025727516586506637,0.012408959669463532,0.00023629917057347896,0.923378545518217,0.9383422166182397,0.8236298832412101,0.8696257129699135,0.9964287793744032,0.9997442083973682,6.273553811177866e-06,8.818906705510055e-08,0.2395525677251245,0.001582004889027421,2.5570700002193973e-06,3.2574987699173153e-06,2.5803146967917556e-06,0.7996857260584974,0.7638042955905717,0.5081644617329828,0.979498023869321,7.670102040818135e-05,0.9997308760419207,0.9998527375040155,0.9998531814243989,0.45415535266184875,0.9999898050939463,0.9997289576552735,0.9990507140826556,0.0005575145052242071,0.00015009062585673752,2.5740882385370626e-05,0.00045834838052909887,2.075291161642989e-06,3.257498769917339e-06,2.0689984824129673e-06,0.00014074532262522242,0.11589630949609543,0.9893984954825943,0.00039282951557831965,0.9998998430866249,0.0002356929171580126,0.000502505668087606,0.20514522333455323,0.9418235606424779,0.8472169731309903,0.8044490571517559,0.16072504542727206,0.5643217505700305,0.9508422310883329,4.152936802910569e-06,0.00036630712368332114,0.4191262672027903
banana,object,7.927530430177782e-05,0.0031243385288483275,0.00012804463907359242,0.006812332040490976,0.9999998822439423,0.9998941412354436,0.005019032453505675,0.9999999174005475,0.9997920845367293,1.0141180378778544e-05,3.110989606197289e-07,0.06933891108917403,0.0008837198561085645,1.1214191030126726e-05,3.1900310596727526e-06,4.5498422411291415e-06,0.9999995233132336,0.9998407481626973,0.0031025701629383918,0.403884087663471,8.982976773215683e-05,0.9998462425061706,0.9998787590024214,0.9998856451845957,0.026275582316598677,0.9999926709786761,0.999872100796242,0.999310143214398,0.00012417118254903547,9.15989954046832e-05,3.199783985727062e-05,0.0003321034287940708,4.3119535868074e-06,3.790023665417693e-06,5.322950420365524e-06,0.00011718874302665204,0.030571609813292693,0.4025544560640822,0.0002861242731763123,0.9999790904843514,0.0001721277910201094,0.0003340611410268932,0.00931776485328619,0.9999998251062667,0.0035493953814774645,0.999888339808327,0.9989754678669597,0.0016155640131079532,0.9999993526989108,1.0497223141241981e-05,0.0002786093897782312,0.030921034257740995
block,rgb,1.9096478556931591e-07,1.7394784332686446e-07,1.5914680596847304e-07,0.9996826028875203,0.9999989804245383,0.9987130044513861,0.9619511460756859,0.9960061437821054,3.42055929372052e-05,1.6019467367456906e-07,1.911912135876037e-07,1.7960842077949387e-07,1.9091212487570584e-07,1.8702664798255643e-07,1.9177348283562236e-07,1.5771730464853117e-07,0.9999942930316894,0.9976756886444177,0.9923659848570513,0.0015209796133292403,0.004957146548231719,0.08748487886859359,1.4763336330877112e-05,1.7352889869607457e-05,0.0005286421779692026,0.00038439417627080994,4.495505587719132e-05,0.0006436194807756156,1.7972824049699441e-07,1.5827791923821847e-07,0.002169778911966912,0.0034824644459975638,0.0010542653482361558,2.0480268514505898e-07,0.0005101642005804836,0.004160311538906007,0.004438874265818591,0.00022111905070566312,0.001660705656463295,0.9311012478707318,0.0031678432785245433,1.4861917913953804e-07,1.9291274177655408e-07,0.9999907901875403,0.9988877421726764,0.998588519978328,0.9986083300539899,0.9985972353684797,0.9965414219908425,0.0006431734420915313,0.012566511705631863,0.002703348308901966
block,shape,2.140854024682958e-06,0.024229930180309323,5.690357380723298e-06,0.9999399318605283,0.9999888014638516,0.9998929762394242,0.999711158709862,0.999998223638433,0.9953986351324374,1.4346889233574258e-05,3.0190174874544114e-06,0.9999314462805802,0.012528769695003494,3.862112057016678e-05,1.5702762291574015e-06,1.6361264275466936e-06,0.9999894212652966,0.9999103242965207,0.9999772761020757,0.08005344568282395,6.753191235298486e-06,0.07995574291106784,5.90051700892671e-06,4.950208378266642e-05,2.2079630770318152e-05,2.8945160963635604e-05,2.201548994240426e-05,2.047043095729624e-06,0.001722475212419818,8.936265368671457e-06,0.0010926009528216803,4.3884211223130434e-06,2.1049527874662e-05,1.570276229157407e-06,7.489224756967842e-05,0.00012350140619942743,0.9970693280864626,0.008196581654693452,0.00022049277829815347,0.0008320433788730348,3.8447917111485665e-05,0.013388015448284307,0.0007551843910612392,0.9999976544893338,0.9999929059919301,0.9999059538538023,0.999954692498776,0.9999777336432812,0.9999919291036228,6.9162177164105936e-06,1.4059298126344709e-05,2.378267977963537e-05
block,object,1.6604222035093817e-06,0.013342748138207669,4.323948342453664e-06,0.9999324138546744,0.9999897267474368,0.9998979019817658,0.9997178186075878,0.9999976514199216,0.9707601181797484,1.0667610090885898e-05,2.2410831772692306e-06,0.9997682565127218,0.007581500986299265,3.231098049563896e-05,1.2016948309787635e-06,1.357029040313118e-06,0.9999908991085061,0.9999118459746305,0.9999709419164273,0.06464664527649891,7.593944233335422e-06,0.04306912804688498,3.3422287612993973e-06,3.7752691970196665e-05,2.2594673003685598e-05,2.0977764004347352e-05,1.5230528206990704e-05,2.268765652932183e-06,0.0009761717770475377,6.147137588746417e-06,0.0007878828217679292,4.6882902418151525e-06,1.7183936259047522e-05,1.2046551547761094e-06,6.134340591209393e-05,0.00011882196517399518,0.9927997754128236,0.006406682191773766,0.00021019074759903223,0.0006303389187351018,4.2929822980309845e-05,0.006622278372295619,0.0005014979204895021,0.9999973966053273,0.9999908288317675,0.9999061570917114,0.9999561573995566,0.9999721699094741,0.999991052874174,7.07149701220166e-06,1.4110966885346383e-05,2.638546967825257e-05
corn,rgb,0.9999783216257341,0.9991175127343855,0.9999429296067749,1.0622559634062908e-06,0.9999993116496952,1.6444461853847265e-12,2.8933646812359585e-05,0.9999997444188957,0.0005312217846050638,0.9999309155210551,0.9999705004998881,0.998901998867568,0.9988357446038408,0.9990033387189731,0.999984523679329,0.999965042127944,0.99999920364315,2.8891002222856666e-12,2.093632149043855e-06,0.0010371861984230478,0.00017869463431735856,1.2944736168406331e-08,0.001353240393699459,0.0010307556091686716,0.0054956010966785455,9.858532740351814e-06,0.0002217680893001143,7.9024625484533e-06,0.9999574293826571,0.9999541701610933,0.0010075596438322574,0.0003847089849817558,0.002039962615985326,0.9999687307879493,0.005822724543036145,0.00016949859612090933,0.00011227874508619504,0.016795552336232797,0.0004064452647819697,4.93588911366326e-11,0.00022878227303815425,0.999947193307968,0.9999452298662412,0.9999995035589972,3.0599659846014563e-06,1.820862743136104e-12,1.800642623239643e-12,2.410343233274153e-06,0.9999997316612058,0.004458003035408241,3.6247823848135965e-05,0.0003939955262482101
corn,shape,0.999528896444022,0.9999121912623415,0.9999641605592009,0.08484761003392816,0.9539271626327893,0.05997757251278947,0.836170216691231,0.35852708241844383,0.9999858083148282,0.999882689525112,0.9999002274133948,0.9996685874395129,0.9999577939871139,0.99951374245657,0.9991635941380641,0.9997572835916071,0.8506225334368442,0.44146043447095334,0.9014650945539517,0.4803386675379332,0.000570564991524957,0.9764619129505314,3.448514374717925e-07,0.00019502531327609773,0.03182565913439036,1.5575266109066858e-08,0.027536781014064416,3.5725865076361423e-05,0.9998135518679975,0.9999849253418122,0.3632983029756163,0.00044577689852285665,0.003496494620553292,0.9991635941380641,0.8096263956812682,0.0002389756381409515,0.9194994974279386,0.6372478965138165,0.00018478027234927654,1.228275556611355e-06,0.0005375022216789877,0.999964178375465,0.9997804069510184,0.974819718898147,0.4665951271790994,0.07559807609378794,0.7665176850795182,0.8719614202929344,0.941596173729497,0.9766377125539255,0.0001448085364244678,0.3880030514575176
corn,object,0.9998331476393758,0.9998996440034987,0.9999462906538548,4.962532008446994e-05,0.9999999773176248,4.953480757701196e-06,0.003626407135218112,0.9999997735961434,0.9722070914741187,0.99995645988173,0.9999432318570419,0.9998049306186549,0.9999373505817322,0.9996748704987193,0.9997107699855339,0.9998680538097885,0.9999999464584506,3.300143372842949e-05,0.0014003899937209937,0.01232121065674045,0.00025256512760640434,0.0004789222174118523,0.000114332964326772,0.0001249670968251109,0.003164950482308992,3.4668105422044737e-06,0.0021578751091564747,3.255376694678606e-05,0.9999530492611141,0.9999724807526048,0.013350205531389697,0.00020772834284382225,0.001619900841536054,0.9995931809171663,0.10014884713304013,0.00012897636034544147,0.025584433496851782,0.04766535374859115,0.00013668411094290523,8.28325667361274e-08,0.0002599107177210813,0.9999556490804008,0.9998126354701417,0.9999999838938665,0.0003210935166237949,6.499815256145324e-06,5.086048964872782e-05,0.001106122525902697,0.9999999593936776,0.18233619603626391,5.4297305848293156e-05,0.0022000349666709516
cube,rgb,1.9096478556931591e-07,1.7394784332686446e-07,1.5914680596847304e-07,0.9996826028875203,0.9999989804245383,0.9987130044513861,0.9619511460756859,0.9960061437821054,3.42055929372052e-05,1.6019467367456906e-07,1.911912135876037e-07,1.7960842077949387e-07,1.9091212487570584e-07,1.8702664798255643e-07,1.9177348283562236e-07,1.5771730464853117e-07,0.9999942930316894,0.9976756886444177,0.9923659848570513,0.0015209796133292403,0.004957146548231719,0.08748487886859359,1.4763336330877112e-05,1.7352889869607457e-05,0.0005286421779692026,0.00038439417627080994,4.495505587719132e-05,0.0006436194807756156,1.7972824049699441e-07,1.5827791923821847e-07,0.002169778911966912,0.0034824644459975638,0.0010542653482361558,2.0480268514505898e-07,0.0005101642005804836,0.004160311538906007,0.004438874265818591,0.00022111905070566312,0.001660705656463295,0.9311012478707318,0.0031678432785245433,1.4861917913953804e-07,1.9291274177655408e-07,0.9999907901875403,0.9988877421726764,0.998588519978328,0.9986083300539899,0.9985972353684797,0.9965414219908425,0.0006431734420915313,0.012566511705631863,0.002703348308901966
cube,shape,2.140854024682958e-06,0.024229930180309323,5.690357380723298e-06,0.9999399318605283,0.9999888014638516,0.9998929762394242,0.999711158709862,0.999998223638433,0.9953986351324374,1.4346889233574258e-05,3.0190174874544114e-06,0.9999314462805802,0.012528769695003494,3.862112057016678e-05,1.5702762291574015e-06,1.6361264275466936e-06,0.9999894212652966,0.9999103242965207,0.9999772761020757,0.08005344568282395,6.753191235298486e-06,0.07995574291106784,5.90051700892671e-06,4.950208378266642e-05,2.2079630770318152e-05,2.8945160963635604e-05,2.201548994240426e-05,2.047043095729624e-06,0.001722475212419818,8.936265368671457e-06,0.0010926009528216803,4.3884211223130434e-06,2.1049527874662e-05,1.570276229157407e-06,7.489224756967842e-05,0.00012350140619942743,0.9970693280864626,0.008196581654693452,0.00022049277829815347,0.0008320433788730348,3.8447917111485665e-05,0.013388015448284307,0.0007551843910612392,0.9999976544893338,0.9999929059919301,0.9999059538538023,0.999954692498776,0.9999777336432812,0.9999919291036228,6.9162177164105936e-06,1.4059298126344709e-05,2.378267977963537e-05
cube,object,1.6604222035093817e-06,0.013342748138207669,4.323948342453664e-06,0.9999324138546744,0.9999897267474368,0.9998979019817658,0.9997178186075878,0.9999976514199216,0.9707601181797484,1.0667610090885898e-05,2.2410831772692306e-06,0.9997682565127218,0.007581500986299265,3.231098049563896e-05,1.2016948309787635e-06,1.357029040313118e-06,0.9999908991085061,0.9999118459746305,0.9999709419164273,0.06464664527649891,7.593944233335422e-06,0.04306912804688498,3.3422287612993973e-06,3.7752691970196665e-05,2.2594673003685598e-05,2.0977764004347352e-05,1.5230528206990704e-05,2.268765652932183e-06,0.0009761717770475377,6.147137588746417e-06,0.0007878828217679292,4.6882902418151525e-06,1.7183936259047522e-05,1.2046551547761094e-06,6.134340591209393e-05,0.00011882196517399518,0.9927997754128236,0.006406682191773766,0.00021019074759903223,0.0006303389187351018,4.2929822980309845e-05,0.006622278372295619,0.0005014979204895021,0.9999973966053273,0.9999908288317675,0.9999061570917114,0.9999561573995566,0.9999721699094741,0.999991052874174,7.07149701220166e-06,1.4110966885346383e-05,2.638546967825257e-05
cucumber,rgb,0.0006197965416719696,0.000434980433721066,0.00041896971120852674,0.9999999999980962,2.122214107954938e-28,0.5269159697832333,0.9999999997621429,1.820790587766608e-26,0.02573688724783732,0.00043166544704842554,0.0006539098482409475,0.0004569018502631197,0.0005547767128133522,0.0005398779805269277,0.0005877909804195759,0.0003908908981169152,6.15937184538782e-28,0.38738023753855444,0.9999999999420313,0.9998727917234798,0.9999665253305847,0.9772143661262399,0.00024052067301859773,0.00026147743643757166,0.9995464290841533,0.0007398892531758385,0.0003742493924545796,0.5284389617969734,0.0005783865042051532,0.0004055970102542897,0.9999344344546401,0.9999567823340081,0.9998140023257208,0.0007943554559072208,0.9995259034650436,0.9999514301332421,0.9999447056050269,0.9984186609503146,0.9998196106032011,0.9604478490623546,0.9999305062612326,0.00034075354870887473,0.0007233639473905411,6.02939028124579e-28,0.99999999999387,0.4787314422282609,0.4780800020839593,0.9999999999918086,1.7017203816374564e-26,0.999660674936468,0.9999853101896191,0.9999306135463156
cucumber,shape,0.0035468467377455684,0.7176188889764217,0.00014010910149344074,0.9999974624505806,0.9999998605677526,0.9999990668182595,0.9999991151688234,0.9999998806634334,0.4068289190658315,0.0004831700704099197,0.3277871920570619,0.9999991166461544,0.6283893586610427,0.9730294115944852,0.4381865898203682,0.001188433291029706,0.9999999977155352,0.9999999636520644,0.99999999554096,0.9998344693637433,0.9997962410834629,0.166065183036287,7.303236832463693e-05,0.0003134200933592251,0.9996652551377478,0.00041782935417740836,0.0007320873369397033,0.887360716875307,0.41076163969737034,0.0002256739883021594,0.999929880791527,0.9994236598653349,0.9999953576596792,0.43818658982036873,0.9997113400805431,0.9999951104923378,0.99980523887125,0.999702647264084,0.9997815801517315,0.9417169253071828,0.9991337948186234,0.000332815553169572,0.0004932016861015857,0.9999999195352183,0.999999995984818,0.9999997812044398,0.9999999983367622,0.9999999975651443,0.9999999929578514,0.9989111004351691,0.9999422307920139,0.9994714616425903
cucumber,object,0.0006574602842269457,0.0105958372280351,8.456495933521012e-05,0.9999999987342465,8.38515080800773e-11,0.99997565186131,0.9999999899599056,4.036799750502766e-10,0.2228181264441477,0.00021386841224734233,0.008212766838237464,0.9119347160585812,0.01398746687700948,0.054557792656048744,0.008738030837441079,0.0004795768436840565,7.860687563494575e-10,0.999993866311021,0.9999999998176006,0.9999367811436589,0.9998930535623624,0.9548132854092951,3.4959734003036474e-05,0.00018492499529979326,0.9997893049493174,0.00023237889860093953,0.0005560215803394342,0.8588201281802961,0.004231030631624269,9.773604619218385e-05,0.9999801917230852,0.9998008356787388,0.9999848396984016,0.01104730998183592,0.9998490060075748,0.9999941092607999,0.9999479870233619,0.9997765093327161,0.9999029691411221,0.9892338716566973,0.9996205835848532,0.00014206293846592992,0.00016274844816572894,1.653494989012757e-10,0.999999999904641,0.9999887087953959,0.999999217175559,0.9999999999416931,2.1449918969826133e-09,0.9994966826352067,0.9999779858058817,0.9997680962847189
ear,rgb,0.9999783216257341,0.9991175127343855,0.9999429296067749,1.0622559634062908e-06,0.9999993116496952,1.6444461853847265e-12,2.8933646812359585e-05,0.9999997444188957,0.0005312217846050638,0.9999309155210551,0.9999705004998881,0.998901998867568,0.9988357446038408,0.9990033387189731,0.999984523679329,0.999965042127944,0.99999920364315,2.8891002222856666e-12,2.093632149043855e-06,0.0010371861984230478,0.00017869463431735856,1.2944736168406331e-08,0.001353240393699459,0.0010307556091686716,0.0054956010966785455,9.858532740351814e-06,0.0002217680893001143,7.9024625484533e-06,0.9999574293826571,0.9999541701610933,0.0010075596438322574,0.0003847089849817558,0.002039962615985326,0.9999687307879493,0.005822724543036145,0.00016949859612090933,0.00011227874508619504,0.016795552336232797,0.0004064452647819697,4.93588911366326e-11,0.00022878227303815425,0.999947193307968,0.9999452298662412,0.9999995035589972,3.0599659846014563e-06,1.820862743136104e-12,1.800642623239643e-12,2.410343233274153e-06,0.9999997316612058,0.004458003035408241,3.6247823848135965e-05,0.0003939955262482101
ear,shape,0.999528896444022,0.9999121912623415,0.9999641605592009,0.08484761003392816,0.9539271626327893,0.05997757251278947,0.836170216691231,0.35852708241844383,0.9999858083148282,0.999882689525112,0.9999002274133948,0.9996685874395129,0.9999577939871139,0.99951374245657,0.9991635941380641,0.9997572835916071,0.8506225334368442,0.44146043447095334,0.9014650945539517,0.4803386675379332,0.000570564991524957,0.9764619129505314,3.448514374717925e-07,0.00019502531327609773,0.03182565913439036,1.5575266109066858e-08,0.027536781014064416,3.5725865076361423e-05,0.9998135518679975,0.9999849253418122,0.3632983029756163,0.00044577689852285665,0.003496494620553292,0.9991635941380641,0.8096263956812682,0.0002389756381409515,0.9194994974279386,0.6372478965138165,0.00018478027234927654,1.228275556611355e-06,0.0005375022216789877,0.999964178375465,0.9997804069510184,0.974819718898147,0.4665951271790994,0.07559807609378794,0.7665176850795182,0.8719614202929344,0.941596173729497,0.9766377125539255,0.0001448085364244678,0.3880030514575176
ear,object,0.9998331476393758,0.9998996440034987,0.9999462906538548,4.962532008446994e-05,0.9999999773176248,4.953480757701196e-06,0.003626407135218112,0.9999997735961434,0.9722070914741187,0.99995645988173,0.9999432318570419,0.9998049306186549,0.9999373505817322,0.9996748704987193,0.9997107699855339,0.9998680538097885,0.9999999464584506,3.300143372842949e-05,0.0014003899937209937,0.01232121065674045,0.00025256512760640434,0.0004789222174118523,0.000114332964326772,0.0001249670968251109,0.003164950482308992,3.4668105422044737e-06,0.0021578751091564747,3.255376694678606e-05,0.9999530492611141,0.9999724807526048,0.013350205531389697,0.00020772834284382225,0.001619900841536054,0.9995931809171663,0.10014884713304013,0.00012897636034544147,0.025584433496851782,0.04766535374859115,0.00013668411094290523,8.28325667361274e-08,0.0002599107177210813,0.9999556490804008,0.9998126354701417,0.9999999838938665,0.0003210935166237949,6.499815256145324e-06,5.086048964872782e-05,0.001106122525902697,0.9999999593936776,0.18233619603626391,5.4297305848293156e-05,0.0022000349666709516
green,rgb,0.0015717515977737829,0.0011323521291840258,0.000773897312141846,1.0,6.740927849683743e-59,0.9999726741438516,1.0,3.7006565519646883e-54,0.9493395791942505,0.0008430473886064853,0.0018283916841577207,0.0012849469307735248,0.0019507470417767258,0.0018126230990153736,0.0013470506279044873,0.0006303166283747117,9.196425291491936e-58,0.9999096643150145,1.0,0.9999999999998581,0.9999999999999922,0.9999999937180468,0.000719235930711814,0.0008661326580146681,0.9999999999977174,0.008416514372888253,0.0019216525206321832,0.9999843291229225,0.0014762610628106028,0.0007040258828063384,0.9999999999999645,0.999999999999986,0.9999999999996705,0.0027743885756923254,0.9999999999974851,0.9999999999999831,0.9999999999999785,0.9999999999660734,0.9999999999997238,0.9999999742375207,0.9999999999999638,0.000495426222003855,0.002438947859439554,8.999646800940518e-58,1.0,0.9999586141252849,0.9999583351706179,1.0,3.13774459307143e-54,0.9999999999987743,0.9999999999999987,0.9999999999999625
green,shape,0.003034199585548088,0.9875869770584993,6.802609059618622e-05,0.9999998737596305,0.9999999916007171,0.999999914311708,0.9999999861622246,0.9999999970045517,0.9998210860333819,0.00027382712443165143,0.22999199992767322,0.9999995834730445,0.9250630777242539,0.9550772547567389,0.4509955934553857,0.00060233952872355,0.9999999998814464,0.9999999970817559,0.9999999993430613,0.999885418406182,0.9998984014944449,0.9996718465327658,2.7697282822912573e-05,0.00017614171600783857,0.9997103799720314,0.0002591678728390409,0.0007215775718530451,0.9995499594471113,0.9138237894096162,0.00013544292762705603,0.9999636726321822,0.9995481627116406,0.999999206455688,0.45099559345538787,0.9997142707191647,0.9999995345420615,0.9998379011787676,0.9997161805111874,0.9997824838224253,0.9997684198012292,0.9990910692502323,0.00023171658499752555,0.0011096921683072807,0.9999999938062929,0.9999999995831574,0.9999999783858011,0.9999999995990927,0.9999999996653226,0.9999999998084512,0.9988186566595214,0.9999971286736327,0.9995119672104289
green,object,0.0005067191741904347,0.04128764686198315,4.150148428789e-05,0.9999999996417916,3.595673445620679e-09,0.999999622270822,0.9999999988345123,1.4594884046800599e-08,0.9998216683118483,0.00012279315374316355,0.0031725943150418935,0.9433223648164044,0.027300328285017356,0.019148124935523213,0.005355565456584956,0.0002279313703023023,2.3513309863830113e-08,0.999999941231423,0.9999999999428717,0.9999466802224862,0.999960706182203,0.999853539673146,2.2060718951996846e-05,0.00012899872551536736,0.999807852356991,0.0001646508335633565,0.0012490108366530895,0.999619762851584,0.013760028823373249,6.356167350375046e-05,0.999990297947231,0.9998962703759801,0.9999836504543146,0.007269860667793025,0.9998457908875961,0.999998065988868,0.9999736446627074,0.9997644201211956,0.9998918699409891,0.9998794047551548,0.9995988252995368,0.00010860773479326757,0.00010286827665376833,6.203211264289515e-09,0.9999999999550562,0.9999998474095109,0.9999999848923511,0.9999999999799727,7.429958206778538e-08,0.9994795734671259,0.999997050389719,0.9997696268868547
on,rgb,0.9989708126429891,0.9998978130870873,0.9996284036778432,2.809033041898696e-13,1.0,0.9999996942666314,4.584509772833222e-11,1.0,0.9999756174983907,0.9996473013294649,0.9990466596162114,0.9999017100944144,0.9998749151238167,0.9998700138444037,0.9988721810522555,0.9995708734306716,1.0,0.9999998166170064,2.3313244963298446e-11,0.0007305516595674093,0.0002705039882536865,0.9961182016447026,0.9999999436094696,0.999999944575108,0.001883944146105006,0.9999999758159991,0.9999999569996011,0.9994328199294703,0.9993284151799877,0.999604445411379,0.0002950181843901977,0.00026498214935561217,0.0008888340572249477,0.998785943650509,0.001947140048935206,0.0004656376933726421,0.0006821301344115733,0.006132603289445477,0.0018771845610716308,0.9998837045938626,0.0006613334779182702,0.9997103423195834,0.9991900801399266,1.0,8.506058200994569e-13,0.9999997541865897,0.9999997564071728,1.4310140918985712e-12,1.0,0.0013956413264589866,0.0001880890543983808,0.0005056773298180136
on,shape,0.9998127970967382,0.9999859461312786,0.9996520129029507,0.7668478744741446,0.9944110874139209,0.14742147802765942,0.9977452686078182,0.9409851918937083,0.9999952602299192,0.9999724758360622,0.9999775178786173,0.9995668076411277,0.9999303600365829,0.9999387001730256,0.9999444049143719,0.9997370929299985,0.9882435714607122,0.9620110202322606,0.96819163141919,0.00014058370804897566,0.9999987676872237,0.9996659363332389,0.9887267678145081,0.001801383290794661,0.7274856606748392,0.9880719981957763,0.05251919156462939,0.9999070055215534,0.999975200639566,0.9998883303538556,0.00013328208497102618,0.99996484012257,0.9948934817754644,0.9999444049143719,0.1661358608045659,0.43830908909529015,0.00011146182675446447,0.004997871276654465,0.009216529070243727,0.9996718054515,0.9987146787091234,0.9999033523252836,0.997913749508253,0.9946793706878663,0.8917060395897775,0.05695295157770962,0.7544190367641888,0.982840718493408,0.9809920677556246,0.9999810746652882,0.9999457727273775,0.0002627747548473889
on,object,0.9998679831846586,0.9999920127478112,0.9997844454888386,0.001646799566643561,0.9999999999315741,0.4795019628732023,0.24605189883598594,0.9999999987369392,0.9999923508506677,0.9999720867139493,0.999973151071259,0.9996865598209012,0.999954947841755,0.9999560904477345,0.9999553579856568,0.9998451260252905,0.9999999998516313,0.9764992269517032,0.01626949306121681,0.00010869467016948902,0.9997869510028309,0.9997251389996915,0.9995630578925762,0.2536421746464012,0.3592299353758618,0.9996189861737514,0.7708475084869382,0.9998860087371924,0.9999820292656653,0.9999107115660524,9.565913910998953e-05,0.9968784918004527,0.9179391657260505,0.9999521187709653,0.040074531740388164,0.0987489063580376,8.040059939265572e-05,0.004888240965342028,0.003004844484698543,0.9997002116649158,0.9625220185372624,0.9999465297068176,0.9994619171650104,0.999999999903985,0.0036445668692310492,0.2876448410380527,0.8546102651962783,0.01426028802427864,0.9999999994598845,0.9984145029608008,0.9966633663884745,0.0002002758368331198
the,rgb,0.9999708498084401,0.9990480748790821,0.9999276908687249,2.655645819239797e-06,0.9999991592205869,1.0600258143421747e-11,6.1600028069941e-05,0.9999996634231356,0.0011256466009640534,0.999913431704832,0.9999610333123671,0.9988303708483744,0.998762570127219,0.998931149598707,0.9999787791914277,0.9999544305624716,0.9999990314013654,1.808816744887483e-11,5.1498388646873255e-06,0.0019526942038085766,0.00036997686869820923,4.86596123072864e-08,0.0027902866965434986,0.0021589195743800245,0.009429999821224862,2.6918899524144433e-05,0.000507282512307918,2.0925418478158556e-05,0.9999450118209255,0.9999411899206497,0.0018920553859109923,0.0007626742645032173,0.003697557488845087,0.9999587866119383,0.009958148176511451,0.0003528752243198981,0.00023966455495183197,0.027018074782483546,0.0008106065985889146,2.569299370639913e-10,0.00046906849676463805,0.9999328735301841,0.999930197750735,0.9999993795691514,7.2480540496837315e-06,1.1681760180646851e-11,1.155962557394103e-11,5.8014606492673805e-06,0.9999996477172348,0.007735032960604627,8.196273682703423e-05,0.0007823820431138846
the,shape,0.9995472403673498,0.9998864977471059,0.9999632450300308,0.07738870781654857,0.9312521225073095,0.0650907939168735,0.6256623117847415,0.29097866380955917,0.9999468860247543,0.9999012886039332,0.9999167775177962,0.9996315638066929,0.9998814149464729,0.9994948968846334,0.9991886140698842,0.9998308933291977,0.7567890092152746,0.37928931027647184,0.8868385904378523,0.5492048322268411,0.0010515461394996358,0.94952521984832,9.926884511685227e-07,0.00035775531479104503,0.062245051806952854,7.00626630631045e-08,0.04703524686255649,5.4653544896614185e-05,0.9997605730412393,0.999979825726351,0.2489811467792998,0.0008554458695639763,0.006041697069855802,0.9991886140698842,0.7857841778490647,0.0004203764097553234,0.8826874808426471,0.6889559527983016,0.0003727500526573907,3.9781738000074345e-06,0.0009375442982569825,0.9998833914806512,0.9997114709800665,0.9744238638264114,0.46256864239450296,0.08390853216002543,0.7109323725053404,0.8707917466222254,0.8568199019955904,0.9878350309647635,0.00029668833742929173,0.4052245325663436
the,object,0.9998411354285075,0.9999017454209446,0.9999454126675796,5.786296329147134e-05,0.9999999567169001,7.768584480413545e-06,0.0029872970530938287,0.9999995863477128,0.9515499540831445,0.9999535135854959,0.9999363301237136,0.9997890250205965,0.9999023341163527,0.9997445321527346,0.9997405202445881,0.9998768626812471,0.9999999037660087,4.880602454469317e-05,0.0018002226012703523,0.018127763019436378,0.0004195976698869079,0.0007475487452692812,0.0002035615732403601,0.00024716414116623053,0.00659443045403493,8.470134407768258e-06,0.0035605592954351638,6.310395884028366e-05,0.9999449970032446,0.9999682066276084,0.012431462602661807,0.00038195508160174236,0.0029052315936736943,0.9996402604731167,0.11008429064902389,0.00021331376952164153,0.022284931876339557,0.07661521634985882,0.00017277439587714104,2.2426834821919034e-07,0.0004942480469520682,0.9999342160621625,0.999837987633816,0.9999999743951249,0.00045718364884668873,1.0186413656877884e-05,7.736290717937273e-05,0.0015197701474540016,0.9999999145770944,0.2809821475322792,0.0001247100550627127,0.004150134287852555
yellow,rgb,0.35392756266209374,0.9737302366041661,0.7086845974584298,1.5261687284870475e-12,7.127964930044111e-06,0.986389217568651,5.975904451504989e-10,0.016572497334058984,0.9999017604090306,0.7432074191355013,0.42263336680063257,0.9774492390852926,0.9742752939046196,0.9711226656581242,0.28297889484844385,0.605500427793786,4.785860791666944e-05,0.9921177198819823,4.341053359657253e-10,0.018184046083428346,0.010464709979337216,0.994252513151032,0.9999945700650849,0.9999946492636776,0.027965464212780844,0.9999946800533286,0.9999951225322627,0.9994059567427319,0.5567885140393409,0.665003216057277,0.00791048718022929,0.008865078771518485,0.0184612891472198,0.3873995673623996,0.028340527609489054,0.017355208998566313,0.026094948133760027,0.056929353291114725,0.05086912508274524,0.9890992437166117,0.022601609089894358,0.7352620401842335,0.5658747659883397,5.705304020580878e-05,5.571092990990091e-12,0.9880535065463603,0.9879793546694255,1.1643313463676038e-11,0.014894136602083283,0.02261764036341032,0.009513374007474892,0.016011473683604872
yellow,shape,0.5135215641799163,0.9996306488599754,0.7186079094367454,0.09717765657356885,0.00018520041261418476,0.9989778374952505,0.0033579893846947557,0.0016414034333030788,0.9064812778580653,0.9329488540917708,0.00106752762350862,0.9992320242408069,0.9999546726355024,0.9987863461929287,3.336749255366444e-06,0.0006841652382332975,0.00030901789655707026,0.999456278525821,0.8166562698617071,0.9999999927105323,2.380262512263398e-05,0.9965201491462545,0.9996147587078821,0.9997779551036853,0.3704113178050513,0.9998474688206914,0.9999292067591038,0.00037715621920590307,0.987627880397088,0.6235087097640896,0.13493914527412995,0.0003178167584167584,9.548033331556613e-05,3.3367492553664563e-06,0.13132381789872236,0.0006363035660894932,3.0222267497700453e-05,0.9998702562933847,0.0012228788033874086,0.959814735974763,0.001280756113589832,0.9978402125133121,0.9972659215722911,0.0012830102756466878,0.0404050852952841,0.999109846626911,0.9990422113025537,0.4557403179549432,0.00042898064688497444,0.013054682492459368,0.00014113306652311473,0.4204239598619752
yellow,object,0.05609747522601823,0.9996830146073108,0.21058417294060522,0.9990150099535252,3.563897736826001e-05,0.9996048752241148,0.9971401676921785,0.0006095445604228651,0.9999918270818963,0.4458788304196553,1.750224125056378e-05,0.9995450908072804,0.9998920402221368,0.9985668353229062,5.218196885859685e-08,1.2996021338839811e-05,3.403697276018548e-05,0.9998557596517327,0.9999104023848834,0.9999979506110337,4.206261504544424e-05,0.9999772361865957,0.9995536098929525,0.9998271513076029,0.9437709362747053,0.9999312453305754,0.9999171170598852,0.0002468077105956119,0.8943822403654372,0.19425201519446703,0.10668090717233754,0.0004360350325339481,0.00019390777395289954,5.964814735117008e-08,0.12208396201344378,0.0006258557974065716,0.8426611577500657,0.9999516762669513,0.000855194370748887,0.9999260794683626,0.0013988910339822183,0.9882354120073902,0.9717707565248566,0.0003495436953631225,0.9997454301153204,0.999629522523482,0.9997441743223134,0.9998770347240228,0.0002685906649777945,0.049605785167230555,0.0002339808998255916,0.9098657895249863
