Token,Type,2-corn/corn_2,2-corn/corn_3,2-corn/corn_4,0-cube/cube_3,4-cube/cube_4,0-cube/cube_1,4-cube/cube_3,0-cube/cube_4,3-banana/banana_4,3-corn/corn_4,3-corn/corn_3,3-corn/corn_2,0-corn/corn_2,0-corn/corn_3,0-corn/corn_4,3-cube/cube_4,3-cube/cube_1,3-cube/cube_3,2-cucumber/cucumber_2,2-cucumber/cucumber_3,0-banana/banana_4,0-banana/banana_2,0-banana/banana_3,2-cucumber/cucumber_4,1-banana/banana_3,1-banana/banana_2,1-banana/banana_4,2-cube/cube_3,5-corn/corn_2,1-corn/corn_4,0-cucumber/cucumber_2,0-cucumber/cucumber_3,0-cucumber/cucumber_4,1-corn/corn_3,1-corn/corn_2,3-cucumber/cucumber_4,3-cucumber/cucumber_3,3-cucumber/cucumber_2,4-cucumber/cucumber_4,5-cucumber/cucumber_3,2-banana/banana_4,4-cucumber/cucumber_3,4-corn/corn_4,4-corn/corn_2,4-corn/corn_3,2-cube/cube_4,1-cube/cube_1,2-cube/cube_1,1-cube/cube_4,1-cube/cube_3,1-cucumber/cucumber_4,1-cucumber/cucumber_3,1-cucumber/cucumber_2
,,nan,nan,nan,nan,nan,nan,nan,nan,nan,nan,nan,nan,nan,nan,nan,nan,nan,nan,nan,nan,nan,nan,nan,nan,nan,nan,nan,nan,nan,nan,nan,nan,nan,nan,nan,nan,nan,nan,nan,nan,nan,nan,nan,nan,nan,nan,nan,nan,nan,nan,nan,nan,nan
banana,rgb,9.804507857916577e-05,0.00041056800718243503,0.00033121686898890813,2.585277013854619e-20,0.9999999457063223,0.9999999999961657,6.96393322045036e-18,0.9999984532672251,0.9996143312325051,0.0003979903989050064,0.00046652772446483773,0.00013147171588706323,7.091795176073191e-05,0.0001741232574726983,0.00020596858695621164,0.9999999187739285,0.999999999994885,3.5231814874886426e-19,0.6251036070415404,0.8376702050098747,0.9999997032111639,0.9999139204789868,0.9999322837807609,0.36333020822521117,0.9999990780623897,0.9999835112192029,0.9999653544645357,1.3945344748977707e-19,0.00020572810885656799,0.0002679827217950582,0.5476739625133997,0.7263082173279034,0.5013450399228322,0.0003524898289012798,0.00012607290049998293,0.3547538666184488,0.8690728915091127,0.9161304349815017,0.2538927929673358,0.8420606585039845,0.9999999993321198,0.8543577413338158,0.00034062533967662374,0.0002378193536364791,0.0004785126730196941,0.9999998686698418,0.9999999999961484,0.9999999999961982,0.9999985806686912,6.231521272322278e-20,0.3787294662675888,0.946327463094423,0.7687496569248173
banana,shape,0.029749828987416266,0.00013483292143409944,0.0002812769483093051,0.9941417387712219,0.752955962794927,0.9896401229296712,0.4493600353703285,0.9926845618345218,0.9996319606069127,5.8197610337068996e-05,0.000190307908365539,2.593904410354256e-05,0.0009204212775472269,1.7347126473581725e-05,0.00037260958972125554,0.3732747820777935,0.8805463261563984,0.5617218096514969,0.9901666866762245,0.06506903369456557,0.999678658585905,0.9998699250933775,0.9999238088593194,0.8596473941674778,0.9999900121151197,0.9997447423307461,0.9994682037909416,0.8933280745675416,0.0019634778726279013,0.00010402429395677874,0.0008734396604080922,0.4234087390056483,0.0183340971096586,0.00011582058505205167,0.0009204212775472301,0.00017496456474024507,0.03287879475890106,0.27621671836877704,0.9565469888927792,0.9844018570208362,0.9999425681581685,0.001410880732325752,0.00025220410691530724,0.06227547427894128,0.0003936277556052863,0.8301872969913843,0.9856868554458392,0.3368954561931152,0.49308328764511666,0.9946692105302226,0.00034985006719777997,0.8290676003317679,0.21890720107395695
banana,object,0.0024671996310193026,9.014306371606157e-05,0.00014196589784577104,5.216753046786092e-07,0.9798786411856372,0.9999983849756275,1.384820646157961e-07,0.9961229684002869,0.999744324835195,5.811225018712334e-05,0.00012450191919284657,3.407567234634598e-05,0.0002314696090200514,1.7952007155446842e-05,0.00023032879435442064,0.9250297481102516,0.9999882207113364,4.226857914074443e-08,0.9677186999419584,0.27605633788532186,0.9998827663644617,0.9998721289731182,0.9999188845510997,0.6448229970781217,0.9999930769562303,0.9998617721512862,0.9996887743040392,1.4486128148054691e-07,0.00029167505699994337,6.59961321337319e-05,0.03441502158588889,0.6149231954509016,0.14471086381795237,6.519785245958521e-05,0.0002935753254809831,0.008106075678269873,0.3520226810105098,0.7961507270759377,0.7855726363144548,0.9889553196539017,0.9999983554633058,0.017028918809859416,0.00015165449475461858,0.002507870437414982,0.0003056989121346242,0.9825272062562864,0.9999980206555753,0.999949059161185,0.8822278420720335,6.342467771230808e-07,0.0061964485919142175,0.9168083272880487,0.3105619140537969
corn,rgb,0.9997558429041228,0.999875596292653,0.9998574768634582,8.957876765042098e-06,3.345146049430569e-05,0.9999999999987275,0.0006886110032913375,0.0002443862380812862,0.9999999925191917,0.9998732129591549,0.999884915707702,0.9997984203014066,0.9996988612636613,0.9998024644690594,0.9998075230622427,6.391155321242264e-05,0.9999999999982618,8.995735249130194e-05,0.9999999975663418,0.9999999991352371,0.9999999999806544,0.9999999741225418,0.9999999775526823,0.9999999933964927,0.9999999977120226,0.99999998963542,0.9999999994191842,5.351210446277423e-05,0.9998361406533159,0.9998369710191064,0.9999999977169867,0.999999998677007,0.9999999963962678,0.9998739379971406,0.9998093473113339,0.999999993161415,0.9999999991351665,0.9999999992959685,0.9999999865342655,0.9999999984803378,0.9999999999977185,0.9999999989590638,0.9998472230535492,0.9998624652032332,0.9998872296195774,5.3288901800916496e-05,0.9999999999986269,0.9999999999986311,0.00024092082752562337,2.446014203186746e-05,0.999999994237303,0.9999999996469531,0.9999999986125891
corn,shape,0.9999604570027056,0.999997030522219,0.9999995988702107,8.582663896857968e-05,6.896044120488594e-05,7.324805808384069e-06,3.576390263361963e-05,7.942553839017704e-06,0.9959838159186397,0.9999916952353802,0.9999852889360791,0.9999807808659266,0.9999640937709979,0.9999990671759931,0.9999096052192977,0.00010444820746858093,0.001133943030299718,0.0001649122210106549,0.9817067407396128,0.9998695190750285,0.999994684103197,0.9561508509724849,0.9999931115909804,0.9992454411618121,0.07589538449686543,0.9999994505636031,0.9976092500745367,0.00019039505667543363,0.9999948555993071,0.9999998680649856,0.9987907582353361,0.9997897393754454,0.9966167452338812,0.9999997195113884,0.9999640937709979,0.9994329221139544,0.9943729222994361,9.796650054212845e-05,0.9894598048267146,0.0027744528192133688,0.001442370057810827,0.9999976682287293,0.9999998635983076,0.9999969174744086,0.9995221336598691,6.346443799344086e-05,3.717439543488292e-06,0.0020921004248602403,7.461979145375594e-05,3.164760792615037e-05,0.9999961056275019,0.9880965068892538,0.999996732914358
corn,object,0.9999683897283405,0.999993233406006,0.999997936744947,4.3652575573254905e-05,3.7452009959087056e-05,0.9670786409236458,6.05300562656718e-05,1.9554152211688704e-05,0.9999963879216112,0.9999879295778747,0.9999792529700479,0.9999763500207797,0.9999618529148465,0.9999957563632358,0.9999415911522912,4.893247903224088e-05,0.9980085546409794,6.897437126723369e-05,0.9999844017035727,0.999999420798126,0.9999999890564931,0.9999831558157845,0.999999792643406,0.9999972515866632,0.9998303857766672,0.9999999692741518,0.9999979654512938,9.560987973915224e-05,0.9999916183041314,0.9999989403048687,0.9999974630627718,0.9999992927298811,0.9999951946251255,0.9999982015135416,0.9999681138567545,0.9999976037043516,0.9999954543756235,0.960377207304809,0.9999826353283785,0.994887012324665,0.9998833329764699,0.9999999358860033,0.9999988203811292,0.9999935921587617,0.9997292848097686,4.304217949096651e-05,0.9549798145538275,0.9986167594766273,7.254617836768367e-05,1.6344420844051984e-05,0.9999998291917093,0.9999956818054339,0.9999999266095655
cube,rgb,5.084361287281848e-07,4.4085098261655877e-07,4.363744843115105e-07,0.9999999986834522,0.9999983627677371,0.9989915639291563,0.9999828421369096,0.9959086916677287,8.853253926359416e-05,4.4039357617089376e-07,4.42879565798515e-07,5.114510990185824e-07,5.077706564597367e-07,4.5465045392831546e-07,4.293545533972363e-07,0.9999916955205074,0.9982311084401629,0.9999999121171228,0.0028670146256464437,0.00886858752616233,0.14981732612341214,4.072517233556397e-05,4.7600231017455096e-05,0.0010412625592632003,0.0009405555249985234,0.00011926054076761474,0.0014642749140047586,0.9999999893774006,4.858900280980016e-07,4.3263767346573664e-07,0.003987688893293278,0.006299607563403453,0.0020139697812457127,4.6631766775090764e-07,5.454905758823284e-07,0.0010063203001825522,0.007549588593332919,0.008083540232530372,0.00045387184260282823,0.0031693591043640054,0.9531870163229893,0.005831222435933849,4.091705650587603e-07,5.207970454813304e-07,4.449526946966056e-07,0.9999868742471304,0.9988995180001135,0.9989142721182945,0.9964308287201915,0.9999999965783057,0.0012541245500787292,0.021606527272889663,0.004980217296206792
cube,shape,1.0932085473462338e-06,0.018660595606145202,4.635103738111473e-06,0.9998890921742005,0.9999831500221977,0.9999228335355638,0.9999825287146655,0.9999984205390084,0.9940104715223093,9.724663582964433e-06,0.18401036205644788,1.930712479098659e-06,1.0353743541147605e-06,1.450841442403791e-05,8.895242558318591e-07,0.9999881567843077,0.9998954869546749,0.9999824468603525,0.010191795850942327,5.65616092677035e-06,0.1031872188307737,1.895993148551821e-05,0.00029677140378424745,1.3713203741144875e-05,7.23753036216267e-05,7.279552392657329e-05,2.3667308435137046e-06,0.9999862608384259,0.001719545178404381,7.053692019842465e-06,0.0009004535306596302,2.8860033800717953e-06,1.6921929933968845e-05,0.006271899007325496,1.035374354114764e-06,3.9571736026779005e-05,0.00017302200080812621,0.9981558883507041,0.00019377483729066873,0.0004104780659393912,0.0009333749707543868,5.794384811289718e-05,0.007820071106277256,0.0003785063938020404,0.999524482895241,0.9999959676982341,0.9999082047252354,0.9999303730514526,0.9999884673012163,0.9999965421956225,4.745618076802467e-06,1.354643545563073e-05,2.4594643579370523e-05
cube,object,8.879884883856639e-07,0.012708020126854376,3.463050211205959e-06,0.9999055510110596,0.9999904239198496,0.9999192437413118,0.9999848307824237,0.9999985132254794,0.9716810250821762,8.412680485574695e-06,0.12015654388388998,1.6601933432332226e-06,8.203837531882753e-07,1.1953441372404114e-05,7.919093968946905e-07,0.999993086095365,0.9998991015709011,0.9999872425141935,0.008675105010700327,5.500849393380706e-06,0.04340128862691339,9.168103698445209e-06,0.0001260747700765205,1.144682644884691e-05,4.422772419180451e-05,3.353718525155166e-05,2.2309168246680597e-06,0.9999907645334265,0.0011806656520207115,4.924614945430737e-06,0.0007399657344754498,2.6029806115905526e-06,1.5176713937996753e-05,0.0041031943578567895,8.196786237992995e-07,3.8628647854067807e-05,0.00017647094412236663,0.99561356957351,0.0001766234159963985,0.0003888753661260722,0.0007014712102249436,5.747910272119634e-05,0.004256270482381594,0.0002481962700112076,0.9988413291651407,0.9999973471516518,0.9999046349650885,0.9999355160769814,0.9999910782532804,0.9999976392383495,4.295913377444416e-06,1.30014165535554e-05,2.0508366377977196e-05
cucumb,rgb,0.7351526895142524,0.8163848455465025,0.8013400026941199,2.009344748046568e-05,3.95020710624586e-05,0.9999998917978258,0.00023138992488054252,9.357545221363943e-05,0.9998429838436178,0.8143426974874576,0.8245852659931203,0.760884045833239,0.7051037369839622,0.7622262687938184,0.7649437340201817,5.580727045906768e-05,0.9999998598300456,7.773307866952265e-05,0.9999421854183158,0.9999742831642603,0.9999986254970349,0.999605397697928,0.9996470689726519,0.9998743832091418,0.9999431867216554,0.9998085686932108,0.9999787428829555,6.193154865942548e-05,0.7861400908592097,0.7855902401443103,0.9999458876008783,0.9999643919376429,0.9999217658592101,0.8154666402711491,0.7687060658818335,0.9998709327933868,0.999974022852568,0.9999776747734361,0.9997800518978297,0.9999589737819808,0.9999997837726647,0.9999698600017459,0.7927312544027585,0.8069809576153735,0.8267056039331682,4.75195620227042e-05,0.9999998851508837,0.9999998855128556,9.35267303980865e-05,3.83773354587583e-05,0.9998873327562122,0.9999871906297302,0.9999626181479705
cucumb,shape,0.9999992432314098,0.9985888086266278,0.9999982086885648,0.00019408457393038317,2.5564197772608228e-05,0.011979484293189187,7.25762023293231e-05,4.688865996425546e-05,0.007021677511399654,0.9999975973914941,0.9568943298904519,0.9999985780929667,0.9999984956975997,0.9999940363322877,0.9999995393611191,5.157915813719723e-05,0.0003887563504946088,7.201556622802346e-05,0.999798850808562,0.99998514886021,0.9811243275668364,0.9999926756681896,0.9998311266826893,0.9999868905437161,0.999987966628453,0.9999904468546716,0.9999986060203158,1.6549470109326803e-05,0.9996713259507777,0.9999973353434414,0.9999964700099966,0.9999954752166248,0.999982239640754,0.998442173879759,0.9999984956975997,0.9999973256032927,0.9999810482785184,0.9996896339487569,0.999871950194155,0.9997879136650322,0.9995849797522588,0.9999717390414501,0.9958162437844373,0.9994696302629078,0.0041931527460725366,8.181306111494078e-06,0.0160426332100272,0.00042782526404315995,9.253652583739263e-05,2.366253264493432e-05,0.9999945984309415,0.9999681340182401,0.9999856611426703
cucumb,object,0.9995845832174873,0.9881066118293638,0.9995762489946027,5.860592486096333e-05,1.8036875607964696e-05,0.9973299097767123,5.963094995226398e-05,4.038605823129572e-05,0.9695836870601281,0.9993403483513335,0.9383432204196692,0.9993539975646267,0.9993297203095178,0.9988450738033067,0.9996319702423151,2.834229682334771e-05,0.9855669024877288,3.428044012830494e-05,0.9999207964486555,0.9999856837887015,0.9999701921791139,0.999983314767588,0.9999495708596545,0.9999849325282488,0.9999917055634577,0.9999903642733101,0.9999967483970459,1.6434042256229042e-05,0.992947322515754,0.9994672560054992,0.9999921837988853,0.9999921970479387,0.9999772297947643,0.9880569604821043,0.9994375160722608,0.9999877311318912,0.9999863694106287,0.9998967283320537,0.9999303858000782,0.9998926658212146,0.9999972377447286,0.9999837408164288,0.9833368268836828,0.9941528421296195,0.19622759687643437,1.2008473821255612e-05,0.9976858791467585,0.9874212584952561,5.804522595219369e-05,1.3704586063487368e-05,0.9999840964721983,0.9999864768054976,0.999991486921989
fruit,rgb,0.08101659928696475,0.19634462931623248,0.18196314765386057,2.9985133234792703e-15,1.0,0.9999920294890584,2.3333086274286947e-13,1.0,0.9862658241139466,0.19402787572779148,0.2060772713300086,0.09059208820670189,0.07124707793842397,0.1278425354952084,0.15278790152521884,1.0,0.9999936578133788,1.4384591934607225e-14,0.00025154348472711604,0.0001870990124315465,0.9582683328049867,0.9997485527863385,0.9997663194916837,0.0003342062509169418,0.99995391754603,0.9998613906883839,0.953922670491379,4.450323798916794e-15,0.12126239675931638,0.16859102983478605,0.000134761261839645,0.00015525908609420014,0.00024765253696500356,0.16611229070113454,0.07858563780835558,0.0003375424607629604,0.00027621277649291973,0.00039512101301370303,0.0005910369662725252,0.0005986709539796074,0.9989250150173488,0.0003295829393028781,0.20633772592959343,0.11359501832596795,0.20673140777286816,1.0,0.9999929932082258,0.9999930549099426,1.0,3.1938131797803385e-15,0.00028430908406878953,0.00020794670494715702,0.00024204526081783665
fruit,shape,2.235500775051535e-05,0.08186484035482137,0.0003322480014640851,0.9937954209481945,0.7414173451090773,0.7348620341849804,0.44143088911926714,0.9707711484209787,0.9961895359038512,1.3618931794665753e-05,0.23022135149858083,1.6506599509329796e-07,4.6906355403903786e-07,2.048988021108691e-05,1.3000719936728866e-06,0.46355652396547103,0.36447224770249687,0.5824442448768556,0.09346831809334137,1.2939237993167599e-05,0.9727175534843016,0.999734370537907,0.9996969027847764,0.00023879126462772343,0.9998163317620228,0.9996965082756504,0.0008616509126160674,0.7337642651475956,0.0055210985894491365,0.00038522188229678516,0.0002156234920998822,5.179328396753824e-05,2.1549606017089318e-05,0.043696238735750265,4.6906355403903786e-07,2.3974513976988684e-05,0.00013465110674747922,0.3034148674731743,0.0004909003476816436,0.0004478159525284582,0.9537276839497292,0.0003188575088895981,0.039418279447683606,0.09572316350673052,0.5022975997479979,0.7327320600437429,0.5534065997184114,0.05256662136864222,0.519743383245116,0.9756933369494067,8.061052053724666e-06,4.78063964269121e-05,0.006901848838453997
fruit,object,9.575763202500142e-05,0.06279282253753292,0.001042976220094239,2.9804190174089253e-05,0.9999999725075815,0.9952829904357101,4.568931852127778e-06,0.999999978587184,0.9965321662960142,0.00012064413445564408,0.14059877588856223,4.013226220577355e-06,7.078463804521988e-06,0.0001338164182140983,1.7789127380435266e-05,0.999999916493728,0.9860109414340845,2.14255541282147e-06,0.010718305868919642,1.2079793307493204e-05,0.9852736283555474,0.9997975677547513,0.9998007457967603,0.00015678609557776612,0.9999081883058639,0.9998140851827635,0.02001835092303467,2.1668715162182422e-06,0.007336440747757069,0.0011330924578061114,0.00010310526457051207,3.149346629556446e-05,2.07730708752715e-05,0.04007988874314788,7.515670949228613e-06,2.4145331503598156e-05,9.436987806858216e-05,0.03574147941428219,0.00033361490601952094,0.0003151985929878227,0.9924066556583991,0.00020843794208688307,0.04754972906799308,0.05073718359078625,0.32747337152112194,0.9999999591561036,0.9921282455641458,0.9352193770559588,0.9999997568090512,1.320481567913631e-05,8.98493100743451e-06,3.6784326988029656e-05,0.0013909389840549655
green,rgb,0.0001093847056046771,0.00026414062232507624,0.00021787414559585073,7.074271253474281e-12,6.359973822598084e-13,0.999999999963622,1.55154007928465e-10,1.0544627507597623e-12,0.9990570659785162,0.00025717779407450936,0.0002947698169160898,0.0001431563960209949,8.161785405950298e-05,0.00014069508520912207,0.00014264635215578616,9.821711506567908e-13,0.9999999999324176,4.8057392992355114e-11,0.999951566902951,0.999992131394252,0.9999999803075196,0.9924322826938542,0.9940783765672924,0.9997273275996845,0.9999015402874804,0.9984746110490196,0.9999895400050153,4.5693207153693954e-11,0.00018720558071085684,0.00018018621228819937,0.9999606565331114,0.999984130613762,0.9999060480382367,0.00026512643474146355,0.00015858372173775754,0.9997104322119656,0.9999916454709087,0.9999938264810226,0.999024125288217,0.9999753078714897,0.9999999997560829,0.999988190636058,0.0001929065957948945,0.00024528695821255005,0.0003037413584981965,6.638232163288864e-13,0.9999999999582538,0.9999999999586013,1.0756772503011698e-12,2.167733291868532e-11,0.9997883961610047,0.9999983130360987,0.9999815427527773
green,shape,0.015706091160192084,0.7481835604506495,6.92678555130134e-05,0.9999555319553944,0.9999998679147736,0.9999997165021748,0.9999992089313942,0.9999999757062742,0.9998397051968537,0.00017147853378291208,0.9815596376715942,0.026071937915534613,0.07514007452431444,0.0013951558449497024,0.0004295606038429012,0.9999999948825091,0.9999999374144063,0.9999999889039127,0.9999425170243241,0.9998735929910739,0.999740389969157,0.9999995954607823,0.997689257645808,0.9998909728608277,0.9999999996407472,0.8615211832748196,0.999831133490075,0.9999997728392372,0.7907580920788402,8.212041643429489e-05,0.9999455829696297,0.9996938258709867,0.9999990431473648,0.8238443311246245,0.07514007452431494,0.9997079281667881,0.9999999084553685,0.9999030760573719,0.9999339345573028,0.9998505807949724,0.9999999994368878,0.9994474135389662,0.0001843782672210914,0.09225068725871072,0.9999780510187242,0.9999999055914444,0.9999997862867883,0.9999999559763378,0.9999999906368041,0.9999999692741893,0.9988032703901851,0.9999987963415302,0.9997696860104801
green,object,0.0015656125615235842,0.0089717199131572,4.494511171578541e-05,0.00012204110110197291,0.00010972718445136057,0.9999999906811209,0.0032890443991318527,0.00021679737575445036,0.9999012576804803,8.14014369661371e-05,0.04008071721485155,0.0007272680536536075,0.0013973582624919765,0.00010939051025408907,0.00019321688952668217,0.0003791311026968575,0.9999999969458753,0.01159343314183454,0.9999798749014062,0.9999404139190413,0.9999538744756461,0.9999802149955713,0.9858633743839097,0.9999199898551969,0.9999999313912722,0.9093722844573261,0.9999055877476256,0.006643738202479353,0.0079370008021262,4.1123416951044463e-05,0.9999674310445773,0.999929488732932,0.9999848532521748,0.0072690946219347696,0.001980225381643707,0.9997701935727336,0.9999990964815878,0.9999372218872767,0.9999302769381223,0.9999545705275158,0.9999999999355706,0.9997531805290569,8.193691975771542e-05,0.00226406786100744,0.7196031406572175,0.00018587337908075152,0.999999993189679,0.9999999982121479,0.0004002978959558613,0.003864582380569092,0.9993428711240823,0.9999972015166976,0.9999154953649778
like,rgb,0.9945383269575383,0.9745777720845805,0.9785958878367486,1.0,0.9999974635297961,0.987553433744244,1.0,0.995768642009512,0.07829830803500076,0.9752235944415635,0.9717621551373621,0.9929930610985886,0.9958875789068893,0.9888019421806229,0.985538048666984,0.9999848849844767,0.9771113846724677,1.0,0.9999833494848112,0.9999923659027662,0.9468945203196929,0.0036150792101278485,0.0036713391536729568,0.9999680564754823,0.005936493547498687,0.003944505956247577,0.4691086749303701,1.0,0.9885205147994142,0.9819850550859044,0.9999929409177957,0.9999929398756116,0.9999816327439112,0.9799842011769323,0.9940115465886447,0.9999673754712313,0.999987235912487,0.9999814427798509,0.9999220227486633,0.9999562718175817,0.981997364760853,0.9999826113157496,0.9752879999661027,0.988512658780038,0.9713652295516363,0.9999812343088855,0.9855928383290358,0.9856919520684356,0.9961950176183233,1.0,0.9999750439333895,0.9999942634928092,0.9999870091538573
like,shape,0.9998657486463205,0.9999734248440388,0.9991966863053485,0.9999430440850948,0.9999899070755537,0.9999600711296591,0.9999940229067992,0.9999568286014925,0.9999917409501037,0.9999851218067434,0.9999403450429001,0.9999954481962698,0.9999694322120519,0.9999792202779235,0.9999725150900225,0.9999887971020379,0.9999756823766517,0.9999933626474355,0.9834576362986082,0.9998629289180158,0.9889308288483524,0.0006099841609713384,4.8830216222588653e-05,0.35841992249352034,3.8480243476454876e-05,0.008106277093189056,0.9898267119132848,0.9999896621603006,0.9999918252349379,0.9997468895753687,0.9999903865841057,0.9996417427177656,0.9999414257522184,0.9997342677249736,0.9999694322120519,0.9999925133075627,0.9999132316097641,0.9999825794294236,0.8744902035269461,0.9987262017524636,0.04915810659098197,0.9907399924558072,0.999868707512547,0.9994915115582239,0.9999981276803822,0.999991432355294,0.9999785832597169,0.9999894408087318,0.9999814020525332,0.999981159893768,0.9999006020903155,0.9996545055329923,0.2921891881215949
like,object,0.9998874213873918,0.9999827499723764,0.9992920092945323,0.9999991541702409,0.9999908370129451,0.9998860866092767,0.9999999147944517,0.9999866693927482,0.999923932151362,0.9999870058438538,0.999969116582652,0.9999964727782484,0.9999768231715775,0.9999832644457176,0.9999777868313567,0.9999917511812284,0.9998934115105135,0.9999999215446821,0.9901422029725967,0.9996413922410003,0.9273600603758884,0.0005522201312814059,4.418321625855353e-05,0.3299026472727465,3.705179652231248e-05,0.003446318812651108,0.9712404829276351,0.9999998979329512,0.9999923893104841,0.9997419885688869,0.9999868954227602,0.9989942414758514,0.9999160289465953,0.9998470566206762,0.9999752731115504,0.9999891783927958,0.9999018292555303,0.9999753825370971,0.8930159108488331,0.9992702641437771,0.01064594768577935,0.982932075494214,0.999890532915159,0.9995635060778444,0.9999985548604985,0.9999927634322785,0.9999335523305249,0.9999506110371733,0.9999887441522095,0.9999998996738749,0.9997558888688417,0.9993326863504371,0.21797792081572973
look,rgb,0.991760637735068,0.9708115078742454,0.9764368322764568,1.0,1.0,0.9918989961599931,1.0,1.0,0.004639266851707238,0.9716765940624549,0.9670025528956874,0.9886354029629022,0.9942512183095513,0.9868453878168945,0.9855054938916045,1.0,0.9896884053028859,1.0,0.012142859465109004,0.009653204741051946,0.006870575957250917,0.028645770316629505,0.028337827753538852,0.01709971309200373,0.052390698094637984,0.03035826348722007,0.002398799674744713,1.0,0.9830685608109118,0.9809959734310608,0.015942479848163597,0.012076498609170944,0.014539536700028843,0.972827849936877,0.9882598420308178,0.017341741493764495,0.008090060259659974,0.006561008080787353,0.01983353393137707,0.006957618009841361,0.2745241318544819,0.007908223544356182,0.9777491214273922,0.9787345033745273,0.9660371194636057,1.0,0.9921419565110747,0.992270192966768,1.0,1.0,0.01716005153482387,0.00748185590817645,0.009970121183648357
look,shape,0.8177765378896441,0.9957830136428552,0.9996146940434255,0.9999996462156188,0.9999631792145633,0.9999983476240047,0.999998554402099,0.9999924113308802,0.9997735530930411,0.999614079672126,0.9961266683624185,0.994845623955845,0.9927637732531507,0.999449199630278,0.9985161139233709,0.9997486229359146,0.9999724256437806,0.9999333499007451,0.6476023504122083,0.4378579559952321,0.9499064271238552,0.019998054878004837,0.38541310695475384,0.0001417132317686278,0.0004140100117610669,0.9513949689509068,0.7847312840844036,0.9999902720014547,0.9967768034579307,0.9996698767488023,0.0024497628787907367,0.09921265382729441,9.556578411970967e-05,0.9957591719818671,0.9927637732531507,0.00018337666609096894,7.085408632820066e-05,0.9999989335579633,0.00018384538579806282,0.9999937974532739,0.013932075542614141,0.8822626542803477,0.9997664006459207,0.9934282277157112,0.9999052108836819,0.999973485495603,0.999994773694797,0.9998788928869169,0.9993645349951519,0.9999950803441673,0.0005276326325991401,0.07058534836190491,0.2952943437608839
look,object,0.9662691856501102,0.9997984256061307,0.9997009083200724,0.9999999999843756,0.9999999999992806,0.9999963384502796,0.9999999999643225,0.9999999999997744,0.9998598554431726,0.9997481592158256,0.9998647706926262,0.9975888834512892,0.9973820714854539,0.9997271221047176,0.9989768774356894,0.9999999999950295,0.9999643816367797,0.9999999992320363,0.4871738037036345,0.022676096561015678,0.12884591272777968,0.04584806533252066,0.16663258584508525,0.0001039288487526115,0.0015078535303769622,0.675143859575546,0.09037452849088516,0.9999999999034677,0.9997005375533777,0.9997455430934227,0.0015705641402737037,0.005762538046757017,7.079969636179948e-05,0.9994116099965223,0.9968286711305632,0.00015137263019396454,7.472295480852846e-05,0.9999978693700241,0.0001579625582783455,0.9999903394881396,0.0010384885559907115,0.14006933960918755,0.9998858824786818,0.9979746069820006,0.9999998927185969,0.9999999999995277,0.9999901393461393,0.9998898621274291,0.9999999999818365,0.9999999999617124,0.00036673098882100474,0.0027817434527924174,0.01208733704948853
salad,rgb,0.997138677636927,0.9854011275900456,0.9877994452189437,1.0,4.160534665858624e-27,1.4374622565507075e-10,1.0,2.7653802371875005e-24,0.00042240789144381815,0.9857930680679987,0.9836768420818267,0.9963580593049376,0.9978180771567194,0.9938603471036384,0.9918281466212329,1.3445413318280612e-26,1.2452367647831843e-10,1.0,0.9998209947811122,0.9998033651575745,0.00010456556755886469,3.079425597952627e-06,2.6025452771193553e-06,0.9998357349781677,9.133320884799551e-08,8.757037991974026e-07,0.000673158391609969,1.0,0.9938828159983276,0.9897830429854377,0.9999194605393927,0.999874454967007,0.9998539833497474,0.9889139937928446,0.9969700450018859,0.9998362156705636,0.9996700425912657,0.9994142312306306,0.9997473025401195,0.999292606582449,1.9849472055896683e-07,0.9996177669131313,0.9854266630476597,0.9940427900415283,0.98345422020492,2.0976167446973504e-26,1.2512997816447963e-10,1.2334396175248612e-10,2.4224932462488797e-24,1.0,0.9998588906378009,0.9996529735207396,0.9997785972291214
salad,shape,0.9998627263850941,0.8595169733496941,0.9997747816043452,0.9873743148254011,0.9983659936968169,0.9989130518473416,0.9991292215381576,0.9854606715598755,5.9860232037578475e-05,0.9999347461505947,0.9233936985453316,0.9999983109695576,0.9999819700564495,0.9997806334424179,0.9999936619806256,0.9993324249968073,0.9995639677528076,0.9983271915902641,0.9998245492315901,0.9997678018811808,0.0001015676150809315,0.013277551481171115,0.9962772811739042,0.9998434042494461,0.003107714992127304,0.998055013546297,0.00022790937996116492,0.999414840098344,0.8946710423561429,0.9996459417960847,0.9999861057117415,0.9997139624831025,0.9999981364120014,0.8151361051467678,0.9999819700564495,0.9999965701366703,0.9999125369101022,0.9998986603148574,0.9998437124968051,0.9999279297901009,8.96490336018067e-05,0.999691063181216,0.8615265018209899,0.9075968776991085,0.990985802746184,0.9992482340916754,0.9994739611045024,0.9999877221617306,0.9978856738440405,0.9495986826002204,0.9999937914915111,0.9996491007107593,0.9998438996674998
salad,object,0.9999424168403213,0.9908988271179654,0.9998711165389628,0.9999999999249061,3.4428343372890244e-05,0.061024541855456166,0.9999999998843709,4.725842037368815e-05,4.8790510396186414e-05,0.999955295150763,0.9937935917372538,0.9999981285847134,0.9999898438734791,0.9999147215053524,0.9999936345917895,0.00010048096701074385,0.0939940443954436,0.9999999999548268,0.9998849928607096,0.9998259666975441,6.539736400268395e-05,0.005251752380653784,0.5213069342180144,0.9999049056147906,0.0006757699391017871,0.46909620470535307,0.00017021458798411343,0.9999999999842915,0.9948241605884114,0.9998226282296984,0.999989666419202,0.999781589907905,0.9999978530479436,0.9874877816409309,0.9999880681713639,0.9999964314130044,0.9999410116621081,0.999910849849555,0.999906736776687,0.9999476676203017,5.2424376386016875e-05,0.9998021910600053,0.9857782697641382,0.9940556969085483,0.9979557375822157,9.364014687629299e-05,0.09258090400559037,0.5442061686769735,0.0001996921081197585,0.9999999997229148,0.9999907930125779,0.999737637469842,0.9998830709121581
use,rgb,0.9993753363494341,0.9992251250881659,0.9992331677330168,0.9999986273840167,1.1111096537507217e-05,0.9948892856992783,0.9999975535660431,7.17187091408658e-05,0.9987031161019398,0.9992266337321373,0.9992188880899618,0.9993680837128923,0.9993841148727584,0.999293375000338,0.9992511311620682,1.6568035869141568e-05,0.994350566716769,0.9999984885506442,0.9999731449244293,0.9999781715503474,0.9995249922923233,0.9949563728534951,0.9949267162966583,0.9999671704334141,0.993575871545584,0.9945574273897907,0.9993335734451175,0.9999988221048611,0.9993223209021018,0.9992409733372122,0.9999778172006675,0.9999782964049586,0.9999720112800029,0.9992693872637058,0.9994007641904474,0.9999669379868953,0.9999755167565597,0.9999734269215513,0.9999577440510689,0.9999671696824421,0.9988173816495413,0.9999736503463629,0.9991897183556933,0.9993517063234328,0.9992199867825835,1.755830658802444e-05,0.9946420774296086,0.9946288328933114,6.944183635001165e-05,0.9999987949449214,0.9999691960130687,0.9999796799718346,0.99997512836444
use,shape,0.9999990148850789,0.9990355154651077,0.9999977364827174,0.01761538707199072,6.536302100792854e-05,0.007206825851190338,0.0002538242574391006,9.256914642201125e-05,0.250313058060216,0.9999957903174129,0.9680959693562405,0.9999956544447274,0.9999951303398278,0.9999881592502944,0.9999988598074256,0.0001122838397967994,0.0009578374096013199,0.00019887716700744683,0.9997762581481099,0.9999649480910136,0.9876099335050881,0.9999932027169606,0.9997580153848409,0.9999823564358202,0.9999875347996959,0.9999885163896906,0.9999945321753055,0.0002010965735756435,0.9998190771867794,0.9999971797010458,0.9999950042359667,0.9999920899456711,0.9999541945390261,0.9986273850576124,0.9999951303398278,0.9999946565469525,0.9999537456370157,0.9997169318390999,0.9998900768815391,0.974507923797902,0.9997162675778756,0.9999530737361371,0.9979957211496345,0.999711047260882,0.023474098588400168,6.618049542306059e-05,0.015276357853140647,0.0008638195998187992,0.00013194488030644115,7.729421344271158e-05,0.9999871558894636,0.9999251984957765,0.99998180257204
use,object,0.9999754863628513,0.9996613841028911,0.9999513584564994,0.9996814045361337,1.2117315970486914e-05,0.8822744161823746,0.9991136822422347,4.188889534056316e-05,0.9947311420045537,0.9999511694688497,0.9987591111906488,0.9999689338434036,0.9999679627743199,0.9999426475780661,0.9999729780747196,2.1823687048328786e-05,0.8490413215394865,0.9993743913496413,0.9999275476693824,0.9999955502114309,0.9992743590307345,0.9995935665851029,0.9986830082847536,0.9999914082756808,0.9993193505771887,0.9994440279129707,0.9999541289421662,0.9994374413001923,0.9998114093534783,0.9999490445489929,0.9999953727211419,0.9999966046241476,0.9999951198868695,0.9996264402641983,0.9999686403841145,0.9999954385910749,0.9999933027122897,0.999905870182471,0.999950222798107,0.9997186839187537,0.9995855147025453,0.9999898777453656,0.9993686868758456,0.9997079086785471,0.9878783081125535,1.6908528456624002e-05,0.8983861098085111,0.8514174379389625,6.684815402647575e-05,0.9990645340503072,0.9999950425238043,0.9999954078972862,0.9999911664177281
yellow,rgb,0.9999889345547996,0.9999864861917425,0.9999865121382518,0.9999999573513225,6.75960503692356e-06,0.9999683025566023,0.9999999407759461,6.97705018803311e-05,0.9999880496864914,0.9999864975575932,0.9999864391268511,0.9999889455147969,0.9999889419855983,0.9999874309958665,0.9999865792674428,1.1332291868095702e-05,0.9999635481389673,0.9999999602045755,0.9999998789557063,0.9999999118523877,0.999997599948383,0.9999360633996126,0.9999362918201663,0.9999998354263047,0.9999289139211242,0.9999346390283126,0.9999954387917014,0.9999999689221529,0.9999881946551061,0.9999865363911213,0.9999999035064704,0.9999999096434593,0.999999869257463,0.9999873670875775,0.9999896507737221,0.9999998336414998,0.9999998992834541,0.9999998909003164,0.9999997673929529,0.9999998523763498,0.9999940385237648,0.999999888801525,0.9999855440739469,0.9999889343040209,0.9999864819376443,1.1969240703876964e-05,0.9999663139393067,0.9999662236071744,6.711055998000923e-05,0.9999999660782235,0.9999998486936865,0.9999999240726969,0.9999998937814014
yellow,shape,0.9999900211128616,0.9999975167156189,0.9999957895135949,0.9167886069108928,0.00012110084572416524,0.9995296692037043,0.009436488632715618,0.00026231933099130826,0.5147452166681374,0.9999984760581209,0.9998469192548187,0.9999959569544012,0.9999634338468149,0.9999965265349267,0.9999884260396729,0.00013035447892407952,0.9995919831601723,0.001673314510313753,0.9999999962503212,0.9997990817949982,0.998355152091732,0.999993053706607,0.9999671160174308,0.9992247384152121,0.9999456006727543,0.9999982545671863,0.9999442974742653,0.6023537545512616,0.999997572821458,0.9999941852879043,0.9999995399569819,0.9998844427915147,0.9999804147251758,0.9999923865911081,0.9999634338468149,0.999999411327719,0.9999979678110771,0.0800291718058628,0.9999431846669216,0.9999999996286006,0.9980873410172487,0.9999908854448952,0.9999910764497907,0.9999817696635287,0.5927080527023257,0.00023082514275587953,0.9994996454053232,0.9994071428599866,4.179821945877001e-05,0.16164497140145728,0.9999337930021162,0.99988343244421,0.9999319377168414
yellow,object,0.9999881117406756,0.9999875019002179,0.999990122994163,0.9999931276806624,1.3106492872164485e-05,0.999930022285042,0.999961121539832,5.808279630249475e-05,0.9999703639122935,0.9999895174807543,0.9999719236610705,0.9999856509260774,0.9999798485643714,0.9999881323279223,0.9999827687820738,1.3861571536060903e-05,0.9999456509379265,0.9999517221737366,0.9999999184361263,0.9999997548537548,0.999997841942876,0.9999896361482303,0.9999838960861097,0.9999996148988202,0.999988432707315,0.9999914655386591,0.999997120406992,0.9999901348771282,0.9999914496741019,0.999990121616818,0.9999997919215597,0.9999997907302152,0.9999996840744939,0.9999866261970302,0.9999814550638187,0.9999997479823723,0.9999997883816315,0.9999954222599553,0.9999996290516221,0.9999998834088759,0.9999977013176533,0.9999998698244542,0.9999876572107533,0.9999908258847165,0.9998465160708765,2.4637995893740932e-05,0.999929645100501,0.9999355831147373,3.745261435335994e-05,0.9999766313465654,0.9999996523865287,0.999999796517553,0.9999998425937563
